,Age,Gender,Class,Year,Headache,Job_Awareness,Academic_Pressure,Vocal_Expression,Unhealhty_Influence,Weather,Workload,Seeking_Help,Anxiety,Faking,Physical_Health,Relationship_at_Work,Self_Awareness,Screen_Time,Work_Stress,Parental_Pressure,Digital_Distraction,Sleep_Hours,Time_Pressure,Financial_Pressure,Tech_Obligations,Result
0,20,Male,BCA,3rd year,3,5,1,1,3,5,1,5,1,1,3,1,5,1,2,1,1,5,2,1,1,2.56
1,21,Male,BTEC,not applicable,1,3,5,5,1,4,3,4,5,1,1,1,5,4,1,3,1,2,1,1,3,2.8
2,19,Male,BCA,3rd year,3,4,4,3,3,2,3,3,2,3,2,4,2,3,4,3,3,2,2,3,4,3.16
3,21,Male,BTEC,4th year,4,3,2,1,5,4,2,3,3,2,3,2,3,1,3,2,3,3,2,3,2,2.72
4,19,Female,BCA,3rd year,2,4,3,2,3,4,3,2,2,1,3,2,2,1,2,3,1,1,3,2,5,2.72
5,19,Female,BTEC,3rd year,3,5,1,1,3,2,5,2,2,5,1,2,4,5,5,2,2,1,2,2,1,2.92
6,19,Male,BCA,3rd year,3,3,3,2,2,4,2,1,1,1,2,2,1,1,5,2,1,1,1,2,3,2.36
7,20,Male,BBA,3rd year,1,4,3,1,1,1,3,3,1,3,2,2,2,1,4,3,3,1,3,3,2,2.48
8,20,Male,BTEC,3rd year,3,5,3,4,5,5,3,4,5,5,2,1,5,1,5,3,3,1,4,5,3,3.8
9,18,Male,BCA,1st year,3,3,3,2,2,4,3,3,2,3,3,2,4,1,4,2,1,4,2,2,1,2.8
10,21,Female,BBA,not applicable,1,5,4,2,3,3,2,3,2,3,3,1,3,2,2,4,1,1,3,2,1,2.56
11,20,Male,BCA,3rd year,4,3,3,1,3,2,2,3,2,2,2,5,3,2,3,2,1,2,3,2,2,2.76
12,21,Male,BTEC,3rd year,1,5,4,1,1,2,3,1,3,1,5,1,1,1,3,1,3,1,1,1,1,2.24
13,19,Female,BTEC,3rd year,2,3,3,4,4,4,3,2,4,3,2,2,2,1,5,3,1,5,1,1,2,3.0
14,22,Male,BTEC,3rd year,2,3,1,1,5,4,3,4,2,5,5,3,2,1,4,2,1,1,2,4,5,2.92
15,21,Male,BCA,3rd year,4,3,3,3,5,3,4,5,4,3,5,5,2,4,5,2,1,5,2,2,1,3.6
16,20,Female,BCA,3rd year,3,4,2,4,3,3,4,3,4,3,2,3,4,1,1,2,1,4,3,2,2,3.0
17,19,Female,BCA,3rd year,3,2,2,2,2,1,1,1,1,2,3,2,2,3,2,4,2,2,3,2,5,2.48
18,21,Male,BTEC,4th year,2,4,3,3,3,4,3,2,4,3,5,3,3,3,3,3,3,4,3,4,3,3.4
19,20,Female,BCA,3rd year,1,4,1,3,2,1,2,4,3,3,3,3,5,1,3,4,3,3,3,4,2,3.0
20,20,Male,BTEC,3rd year,3,3,1,3,4,2,2,3,3,2,4,1,3,1,2,3,3,3,2,3,2,2.72
21,20,Male,BTEC,3rd year,4,3,2,2,1,2,4,3,4,4,3,2,1,1,5,2,1,3,3,1,1,2.76
22,20,Male,BCA,3rd year,5,5,5,5,5,1,1,5,1,1,5,1,1,1,5,1,1,5,5,5,5,3.4
23,21,Male,BTEC,3rd year,3,5,1,3,1,4,1,2,3,3,3,3,2,1,1,2,3,1,2,2,1,2.44
24,20,Male,BTEC,3rd year,2,4,2,5,1,1,1,4,3,1,2,3,2,1,5,2,1,2,3,2,1,2.64
25,20,Female,BCOM,3rd year,3,5,2,3,3,2,2,3,3,3,2,2,4,1,4,3,3,5,3,3,3,3.28
26,18,Male,BCA,1st year,1,3,3,2,2,4,2,3,3,5,4,3,3,1,3,4,3,2,2,2,4,3.04
27,21,Male,BTEC,3rd year,3,4,4,2,4,3,2,2,3,1,3,2,2,1,4,4,2,5,3,3,3,2.96
28,20,Female,BCA,3rd year,4,4,3,4,5,4,3,2,4,5,3,5,4,1,4,2,4,2,3,3,4,3.64
29,20,Male,11th/12th (science),3rd year,3,3,4,1,3,2,4,2,2,3,2,3,2,2,4,5,3,3,3,2,4,3.04
30,20,Male,BTEC,3rd year,1,1,1,1,1,1,1,1,1,1,1,5,1,1,1,1,1,1,1,1,5,1.36
31,19,Male,BCA,3rd year,3,5,1,3,4,2,5,4,3,3,3,3,3,1,4,2,4,3,2,2,3,3.16
32,21,Male,BTEC,4th year,2,4,3,5,4,3,5,4,4,1,5,3,4,1,4,3,3,1,4,2,3,3.32
33,22,Male,BTEC,4th year,2,2,3,2,5,3,1,1,3,3,2,3,5,3,3,2,1,4,2,3,5,2.92
34,20,Male,BTEC,3rd year,5,5,5,4,5,3,5,1,4,5,5,5,4,2,5,3,5,5,4,3,5,4.2
35,21,Male,BTEC,4th year,4,4,3,1,4,3,2,2,3,2,3,2,3,4,4,2,1,3,3,1,3,2.84
36,20,Female,BTEC,3rd year,3,4,3,4,3,3,2,3,2,3,5,4,5,1,4,5,2,5,2,3,1,3.48
37,19,Male,BCA,3rd year,4,5,3,4,5,3,5,1,3,1,2,5,3,4,3,5,4,5,4,5,1,3.68
38,21,Male,BTEC,3rd year,3,2,3,3,5,5,3,1,2,3,4,5,3,1,3,2,4,5,2,3,5,3.32
39,20,Male,BTEC,3rd year,5,5,4,4,5,5,3,4,4,3,4,5,3,1,4,4,4,2,3,4,4,3.92
40,19,Female,BTEC,3rd year,3,3,3,2,2,4,2,3,2,1,4,1,1,1,3,3,3,4,3,2,2,2.8
41,19,Female,BTEC,3rd year,1,5,3,2,3,4,3,4,2,3,3,5,5,1,3,5,3,3,3,3,1,3.36
42,20,Female,BTEC,3rd year,3,2,2,3,3,4,2,4,3,4,5,3,3,3,4,3,2,5,2,4,1,3.28
43,20,Female,BTEC,3rd year,4,3,2,1,5,5,3,3,1,3,2,4,3,1,3,3,2,5,3,3,3,3.12
44,20,Male,BTEC,3rd year,5,2,3,2,4,4,3,1,4,4,5,5,5,1,5,3,1,5,3,2,4,3.52
45,21,Female,BTEC,3rd year,4,4,3,2,5,4,3,4,3,3,1,1,4,4,2,2,1,4,3,4,1,3.24
46,21,Male,BTEC,2nd year,1,2,3,3,5,4,1,3,2,1,3,1,1,1,2,1,1,4,2,1,1,2.44
47,20,Female,BCOM,3rd year,3,4,3,4,5,2,4,3,3,2,3,3,4,2,3,2,5,1,4,4,3,3.36
48,20,Female,BCOM,3rd year,3,5,2,3,3,3,3,4,3,2,2,2,3,2,4,3,3,3,1,2,1,2.96
49,21,Female,BTEC,3rd year,3,4,4,3,4,3,2,1,3,3,2,3,2,1,3,4,3,5,3,2,3,3.12
50,20,Female,BCA,3rd year,2,5,2,4,3,3,2,4,2,2,3,2,4,2,3,2,3,4,1,2,3,2.96
51,21,Male,BTEC,4th year,4,4,4,2,2,1,2,1,2,2,5,2,4,1,2,2,1,3,2,2,1,2.72
52,20,Male,BTEC,3rd year,4,4,4,5,3,4,4,4,4,4,5,4,4,1,4,3,3,3,3,4,4,3.88
53,18,Male,BTEC,2nd year,4,5,3,2,5,4,3,3,3,2,5,5,4,2,3,2,3,5,4,4,3,3.68
54,21,Female,BCA,3rd year,3,3,2,2,3,3,3,3,3,3,3,2,3,2,3,2,3,2,2,2,4,2.92
55,20,Female,BTEC,2nd year,1,4,2,2,4,4,2,2,2,3,2,3,4,1,2,4,2,2,1,3,3,2.64
56,19,Female,BCOM,3rd year,3,5,4,4,2,3,4,4,3,4,3,4,3,2,4,4,3,3,3,4,5,3.68
57,20,Female,BTEC,3rd year,3,2,3,3,4,2,2,2,4,5,2,3,4,1,4,2,1,3,2,3,5,2.92
58,19,Male,BTEC,2nd year,2,3,3,1,1,4,2,1,2,1,4,5,3,1,4,1,1,4,3,3,2,2.64
59,19,Female,BTEC,2nd year,4,3,2,2,3,4,2,4,1,3,2,3,1,1,3,3,2,1,2,1,2,2.68
60,19,Male,BCOM,3rd year,4,3,2,3,2,1,1,4,4,5,4,4,3,2,4,3,1,2,3,3,2,3.16
61,20,Female,BCOM,3rd year,2,2,2,3,3,1,3,2,4,4,5,4,3,4,3,4,2,3,4,2,3,3.08
62,22,Male,BTEC,3rd year,3,3,4,3,3,4,2,1,3,4,2,2,2,1,4,2,2,4,3,3,1,2.84
63,20,Male,BTEC,3rd year,1,2,2,1,1,2,1,2,1,1,4,1,2,1,1,5,1,1,1,3,1,1.88
64,18,Male,BTEC,1st year,4,1,3,3,1,1,2,2,2,3,2,3,1,2,1,1,2,1,1,1,2,2.0
65,19,Male,BTEC,3rd year,5,4,3,3,3,5,3,3,3,3,2,3,4,4,4,2,3,2,3,2,1,3.2
66,19,Male,BTEC,4th year,3,1,2,1,1,1,1,1,1,1,3,1,4,1,2,3,1,2,1,1,1,1.96
67,20,Male,BTEC,3rd year,3,1,3,1,3,4,1,3,2,1,4,3,5,1,4,3,3,4,4,3,4,3.0
68,20,Male,BTEC,2nd year,2,3,4,3,2,3,2,2,1,2,4,2,4,1,2,4,4,1,3,2,2,2.64
69,18,Male,BTEC,1st year,1,5,1,5,1,1,1,3,1,3,5,1,1,1,1,1,1,1,1,1,1,1.84
70,18,Male,BTEC,1st year,1,4,4,1,3,4,3,3,2,1,1,3,2,5,1,1,3,4,1,1,3,2.56
71,19,Female,BCA,3rd year,2,4,2,3,3,3,3,4,3,3,3,2,4,2,3,4,1,5,1,3,3,3.04
72,20,Male,BTEC,3rd year,2,5,1,3,1,5,1,3,2,1,4,1,2,2,1,4,1,3,1,1,1,2.6
73,21,Male,BTEC,3rd year,3,3,2,3,3,4,2,4,2,2,3,3,3,1,3,3,2,5,2,2,2,2.92
74,20,Female,BTEC,4th year,1,5,3,1,5,1,3,1,2,1,1,2,3,1,1,2,2,2,1,3,1,2.44
75,16,Male,11th/12th (commerce),not applicable,4,5,3,5,3,5,3,2,2,1,5,4,3,5,3,2,1,5,3,2,5,3.64
76,18,Male,BTEC,1st year,3,4,1,4,3,4,2,4,2,2,2,4,3,5,2,2,5,2,1,3,5,3.28
77,19,Female,BBA,3rd year,3,5,3,1,2,1,4,3,2,2,4,3,5,4,4,2,3,2,1,1,1,2.92
78,21,Female,11th/12th (humanities),4th year,1,5,3,1,3,2,3,5,3,4,5,2,2,2,3,2,3,1,2,5,2,2.84
79,22,Male,BTEC,4th year,4,5,5,3,5,5,3,2,3,1,2,3,5,1,1,4,3,1,2,2,5,3.24
80,14,Female,10th,not applicable,5,3,1,1,3,3,1,1,2,1,3,3,1,1,1,3,5,2,1,4,1,2.4
81,19,Male,BTEC,2nd year,4,3,4,1,4,5,3,1,1,2,5,4,1,5,5,3,5,3,1,3,5,3.36
82,20,Male,BTEC,3rd year,5,4,3,3,5,3,2,3,4,3,5,5,2,3,3,1,2,4,3,1,2,3.32
83,21,Male,BTEC,4th year,1,2,4,3,5,2,3,3,4,2,4,2,2,5,2,2,3,1,1,2,3,2.84
84,18,Male,11th/12th (science),1st year,2,3,3,2,4,4,2,1,3,2,2,3,2,2,2,2,1,4,2,2,1,2.72
85,17,Male,BCA,1st year,4,4,3,3,4,4,3,2,3,2,4,3,3,1,4,2,2,3,3,2,3,3.12
86,19,Male,BTEC,2nd year,4,3,3,3,4,5,3,4,4,3,3,4,2,4,4,3,3,1,1,2,3,3.36
87,19,Male,BCOM,1st year,4,4,5,2,4,2,2,3,4,5,3,4,2,1,4,2,3,5,3,3,2,3.36
88,18,Male,BTEC,1st year,3,4,2,3,4,4,2,4,4,3,4,3,2,1,3,2,2,2,2,2,2,3.0
89,18,Male,BCOM,1st year,3,3,3,4,2,2,1,3,4,3,3,3,4,1,3,2,3,4,2,4,2,3.04
90,18,Male,BTEC,1st year,4,3,2,3,2,2,2,3,2,3,5,3,2,2,4,4,2,3,2,4,2,3.04
91,18,Male,11th/12th (science),1st year,1,1,2,3,1,3,2,2,2,4,3,1,1,1,1,1,4,1,4,1,2,2.36
92,20,Male,BTEC,3rd year,4,4,3,4,5,3,3,4,4,1,4,4,3,2,4,5,2,4,1,2,2,3.4
93,20,Male,BTEC,4th year,5,3,3,4,5,4,2,3,4,2,2,3,5,1,3,3,3,4,3,1,3,3.32
94,17,Female,BTEC,1st year,3,3,3,1,3,3,4,2,1,2,3,2,3,4,3,2,1,2,2,4,2,2.64
95,20,Female,BCOM,3rd year,4,4,4,4,4,4,4,3,4,4,4,4,3,1,4,4,4,5,4,4,4,3.84
96,19,Female,BBA,3rd year,3,4,5,1,5,3,3,1,4,2,2,4,2,4,5,4,5,3,2,2,3,3.24
97,18,Male,BTEC,1st year,4,4,5,3,5,5,5,4,4,4,4,5,3,1,5,4,4,5,4,3,5,4.12
98,19,Male,BTEC,1st year,3,3,3,2,1,4,1,1,2,2,4,1,2,3,5,4,3,3,2,4,5,2.96
99,18,Male,BCOM,1st year,3,1,4,1,5,3,1,2,4,3,1,3,3,1,5,3,4,2,4,3,4,3.04
100,17,Male,BTEC,1st year,4,1,3,1,1,4,3,1,2,5,3,3,1,1,5,3,3,2,3,3,1,2.68
101,18,Female,BTEC,1st year,2,3,2,2,1,3,2,2,1,1,2,1,2,1,2,4,2,3,1,3,2,2.2
102,21,Male,BTEC,3rd year,4,4,4,3,5,3,3,4,3,3,4,5,3,5,4,3,3,5,3,2,3,3.64
103,18,Male,BTEC,1st year,4,2,1,3,2,2,2,2,1,3,2,5,3,5,3,2,2,2,1,2,1,2.72
104,18,Male,BCOM,1st year,4,3,3,3,1,2,4,4,2,2,3,1,2,1,5,1,1,3,2,3,1,2.8
105,19,Female,BTEC,2nd year,4,5,5,4,5,5,4,4,5,4,5,5,5,1,5,3,4,4,3,2,4,4.16
106,19,Male,BTEC,1st year,2,1,2,3,2,3,3,3,1,4,3,3,1,5,1,3,4,3,1,1,3,2.72
107,19,Male,BCOM,2nd year,3,3,3,2,5,5,5,3,4,1,5,1,2,1,5,4,2,1,3,2,2,3.04
108,20,Male,BTEC,1st year,5,5,5,1,5,5,1,1,5,2,1,5,5,2,5,2,1,5,5,2,5,3.64
109,19,Female,BCA,1st year,3,5,2,5,5,4,5,2,4,3,3,3,4,1,5,3,5,1,3,3,5,3.76
110,18,Female,BTEC,2nd year,2,5,1,1,3,4,3,4,1,3,2,3,1,2,1,3,3,5,2,3,5,2.88
111,18,Female,BBA,1st year,4,3,4,3,3,1,3,4,2,3,3,2,4,1,4,3,3,5,2,3,3,3.24
112,19,Male,BTEC,2nd year,3,2,2,5,3,4,2,3,4,2,5,4,3,1,2,4,3,2,2,5,3,3.24
113,15,Female,10th,not applicable,2,5,3,3,4,2,4,2,4,1,2,5,3,4,3,1,5,2,2,1,3,3.16
114,17,Female,BBA,1st year,3,3,2,2,2,3,2,2,3,3,2,1,1,1,1,3,1,1,1,2,1,2.2
115,17,Male,BBA,1st year,4,3,4,2,4,4,4,3,4,2,4,3,3,1,4,4,2,3,3,4,2,3.48
116,21,Male,BBA,3rd year,4,2,2,1,4,2,2,2,2,4,1,2,2,1,3,2,2,5,2,2,3,2.56
117,19,Female,BCOM,1st year,3,5,2,4,4,4,3,4,4,2,3,3,5,4,5,5,1,5,2,1,1,3.56
118,17,Male,BTEC,1st year,3,3,4,3,5,4,2,2,2,2,2,5,3,4,4,3,3,5,2,3,5,3.44
119,21,Female,BTEC,4th year,3,5,3,5,5,4,3,2,3,3,4,3,4,1,5,3,3,5,4,4,5,3.84
120,15,Female,10th,not applicable,3,5,2,2,3,3,4,5,1,2,3,3,3,4,4,3,3,2,2,3,4,3.24
121,17,Male,11th/12th (commerce),not applicable,4,5,3,5,5,4,2,1,4,2,2,2,4,2,2,4,5,2,3,4,5,3.48
122,20,Male,11th/12th (science),4th year,5,4,3,2,5,5,3,2,3,3,1,5,5,1,5,3,3,5,4,2,5,3.64
123,21,Female,BCA,not applicable,3,4,3,2,5,4,3,2,4,3,4,2,2,2,4,2,2,4,2,2,3,3.24
124,17,Male,BTEC,1st year,2,3,2,4,5,4,2,2,1,1,1,2,3,1,4,2,2,3,2,1,1,2.64
125,21,Female,BTEC,4th year,3,3,4,4,5,2,3,5,3,2,1,3,2,1,4,3,1,3,3,3,3,3.0
126,20,Female,BBA,not applicable,2,4,4,3,5,3,3,3,2,2,3,4,3,1,3,3,1,4,2,3,2,3.08
127,20,Male,BTEC,2nd year,3,5,4,3,3,3,2,4,3,3,3,2,2,1,3,1,1,3,2,2,1,2.8
128,18,Female,BCOM,2nd year,4,4,4,1,3,4,1,2,2,3,1,2,1,1,4,3,1,3,2,3,2,2.84
129,18,Female,BTEC,1st year,3,4,2,3,3,4,3,4,4,3,4,3,2,1,3,3,2,4,3,3,2,3.2
130,34,Female,11th/12th (commerce),not applicable,2,3,3,3,4,3,3,2,4,3,2,4,3,1,2,2,3,1,2,3,3,2.8
131,20,Male,BCOM,3rd year,4,3,3,3,5,5,3,2,5,2,5,3,2,2,4,3,2,5,3,3,1,3.36
132,21,Female,BCA,3rd year,3,3,3,2,2,3,4,3,4,3,4,3,1,1,3,4,3,4,3,4,3,3.16
133,16,Male,11th/12th (commerce),not applicable,3,4,3,2,1,3,2,3,2,2,2,2,2,3,4,3,1,2,2,2,1,2.6
134,21,Female,BCA,not applicable,4,5,2,3,5,4,3,1,4,2,3,3,2,1,5,4,5,2,3,3,3,3.4
135,18,Female,BCOM,2nd year,3,5,4,3,4,3,4,3,4,1,3,3,3,4,4,3,3,5,2,3,5,3.64
136,20,Female,10th,2nd year,1,3,2,4,2,3,3,1,1,1,2,3,2,2,1,2,3,1,1,3,3,2.4
137,21,Female,BCA,3rd year,3,3,2,3,3,1,2,3,3,2,1,2,3,1,3,3,4,5,3,3,2,2.92
138,18,Female,11th/12th (science),1st year,1,3,4,1,1,2,1,1,1,3,1,1,1,2,2,3,3,2,1,3,3,2.24
139,21,Female,BTEC,3rd year,3,3,3,4,5,2,3,2,3,5,2,3,2,2,3,4,3,2,2,3,3,3.08
140,21,Female,BCA,not applicable,4,5,5,4,5,3,5,3,3,3,4,5,4,1,3,4,3,5,3,3,3,3.84
141,23,Female,BTEC,not applicable,1,1,2,1,1,3,2,3,2,4,2,3,1,1,4,2,1,1,2,2,1,2.28
142,25,Female,BCOM,3rd year,1,3,3,1,2,3,3,2,1,3,3,2,3,1,2,2,1,1,1,3,2,2.36
143,15,Female,10th,not applicable,1,5,3,3,5,1,1,1,2,2,3,4,4,3,2,2,2,2,2,4,5,2.96
144,22,Female,BTEC,4th year,3,3,3,3,3,3,3,3,3,3,3,3,2,1,3,2,3,2,3,4,3,3.04
145,21,Male,BTEC,4th year,4,5,4,4,5,3,3,5,4,2,3,2,2,2,4,1,2,5,3,3,2,3.4
146,21,Male,BTEC,4th year,2,3,2,3,5,3,3,2,3,3,3,3,3,3,3,3,3,3,3,3,3,2.96
147,21,Male,BCA,3rd year,5,5,5,5,5,5,4,1,5,1,5,1,4,1,5,2,1,5,3,2,1,3.64
148,18,Male,BCOM,1st year,4,5,2,5,5,5,4,1,3,1,5,3,2,2,5,3,5,2,4,3,1,3.4
149,22,Female,BCA,3rd year,1,3,2,2,3,4,3,3,2,1,2,3,3,2,4,5,3,1,1,3,1,2.8
150,19,Female,BTEC,2nd year,3,4,2,1,5,3,2,1,3,1,1,1,4,4,5,2,2,1,2,4,5,2.96
151,20,Female,BBA,3rd year,2,3,3,2,4,4,5,2,2,4,1,3,3,1,3,4,5,2,1,2,1,3.04
152,19,Male,BTEC,2nd year,4,3,1,1,1,3,1,1,2,2,3,2,4,1,1,4,1,2,1,2,1,2.28
153,19,Male,BCA,1st year,5,2,3,3,3,5,3,3,4,2,3,4,2,1,5,3,3,4,3,2,3,3.4
154,19,Male,BTEC,2nd year,3,4,2,2,4,5,4,2,3,3,5,4,5,1,4,2,2,2,4,2,2,3.36
155,21,Female,BCA,3rd year,3,4,4,3,3,3,3,3,2,3,1,5,1,2,4,3,4,5,3,4,5,3.36
156,19,Female,BBA,1st year,2,3,2,3,1,1,1,2,1,3,1,2,1,1,1,2,1,2,1,1,1,2.0
157,18,Male,BTEC,1st year,3,5,5,4,5,3,1,4,4,3,3,5,4,4,5,3,2,5,4,3,3,3.84
158,18,Male,BTEC,1st year,3,3,3,4,3,4,2,3,3,1,3,1,1,3,3,2,3,2,1,3,4,2.92
159,20,Female,BTEC,3rd year,3,3,2,2,3,3,3,3,4,1,2,2,3,1,4,2,1,5,3,2,5,3.04
160,19,Female,BCOM,2nd year,3,2,2,2,3,4,3,2,4,2,3,3,4,1,4,2,1,4,3,2,3,3.08
161,20,Male,BTEC,3rd year,3,5,4,3,5,5,3,1,4,3,3,3,2,2,5,1,3,2,3,1,3,3.16
162,20,Female,11th/12th (science),1st year,1,3,1,2,3,4,1,3,3,3,1,4,2,1,3,2,4,3,2,3,3,2.64
163,21,Female,BBA,2nd year,2,5,3,2,1,2,1,3,1,1,4,3,2,1,4,1,4,5,2,3,2,2.72
164,19,Female,BBA,3rd year,1,3,4,1,2,1,3,1,2,1,2,5,3,5,2,2,4,1,3,2,1,2.48
165,18,Female,BCOM,2nd year,1,2,3,2,4,2,3,4,2,2,3,4,2,1,4,4,3,3,2,2,4,2.92
166,21,Female,BCA,not applicable,4,3,4,4,2,2,1,4,4,3,3,3,1,1,2,4,1,5,3,4,5,3.16
167,21,Male,11th/12th (science),2nd year,4,3,5,2,3,3,1,4,1,3,5,1,2,2,4,4,1,5,2,4,3,2.96
168,21,Female,BTEC,3rd year,4,3,1,2,5,3,4,1,4,1,4,3,2,3,4,4,3,3,4,2,3,3.24
169,22,Female,BCOM,not applicable,3,4,2,4,5,2,2,3,3,2,3,2,3,1,3,3,3,5,2,3,2,3.04
170,20,Female,BTEC,3rd year,4,4,4,4,5,3,4,4,4,4,4,5,4,5,3,1,4,5,2,3,2,3.92
171,21,Female,BCA,1st year,1,4,3,4,3,4,2,3,4,3,2,3,4,1,3,3,3,5,3,2,3,3.2
172,20,Female,BBA,3rd year,4,3,4,5,2,5,5,3,4,4,5,3,3,2,4,3,4,5,3,4,5,3.88
173,20,Male,11th/12th (commerce),3rd year,3,4,4,3,3,4,2,2,2,3,5,2,4,2,4,3,2,2,2,2,3,3.08
174,22,Male,11th/12th (science),3rd year,3,5,4,1,1,1,3,1,1,3,1,1,2,1,4,4,2,4,2,2,1,2.52
175,20,Male,BTEC,4th year,4,1,3,3,5,1,1,3,3,2,1,3,2,1,3,2,1,1,3,4,1,2.48
176,15,Female,10th,not applicable,4,5,4,3,1,5,3,1,5,3,4,5,1,4,1,3,4,2,1,3,5,3.4
177,19,Female,BTEC,2nd year,3,1,4,4,4,3,1,4,3,1,3,4,2,2,1,4,1,5,1,4,4,3.08
178,21,Male,BTEC,4th year,4,3,4,3,4,3,4,3,3,3,2,4,4,1,4,3,4,3,3,4,3,3.36
179,17,Female,BCOM,2nd year,4,3,2,2,5,3,2,1,2,3,3,5,1,1,1,4,2,5,3,5,2,3.16
180,21,Male,BTEC,4th year,4,1,4,4,2,4,5,4,3,2,4,1,2,3,2,1,3,5,2,1,1,2.8
181,22,Male,BTEC,4th year,5,4,2,3,5,2,3,1,2,3,1,5,3,5,4,2,3,5,2,2,3,3.08
182,21,Female,BTEC,4th year,1,3,2,3,5,3,3,2,4,3,3,2,2,3,3,5,3,4,3,3,2,3.08
183,21,Male,BTEC,3rd year,5,1,3,1,1,1,5,4,5,5,1,5,2,1,3,3,2,1,1,2,3,2.56
184,20,Male,BCA,2nd year,3,5,3,3,5,3,3,3,1,5,4,4,2,3,4,3,2,2,3,3,3,3.4
185,19,Male,BCA,2nd year,3,3,3,4,5,4,3,4,2,1,4,1,2,1,4,1,1,1,1,3,5,3.0
186,20,Male,BCA,2nd year,4,5,5,4,3,4,3,3,4,3,5,3,3,1,4,2,3,3,2,2,3,3.52
187,18,Female,BCA,2nd year,2,2,4,4,5,3,3,4,3,2,5,1,1,3,1,1,2,1,1,2,3,2.76
188,18,Male,BCA,2nd year,1,3,4,2,3,3,4,4,2,3,5,3,3,1,4,4,1,4,2,2,5,3.16
189,18,Male,BCA,2nd year,5,5,1,1,5,4,5,1,3,3,4,3,3,5,5,4,1,2,1,3,5,3.4
190,20,Male,BCA,2nd year,4,4,3,5,5,1,2,5,3,4,4,5,4,4,5,3,5,4,2,2,2,3.6
191,19,Male,BCA,2nd year,4,4,3,2,5,3,3,3,4,2,4,4,4,2,4,2,2,2,2,2,4,3.28
192,18,Male,BCA,2nd year,4,5,4,2,3,2,2,1,3,3,2,5,2,1,3,3,3,4,3,3,3,3.0
193,18,Male,BCA,2nd year,4,5,2,4,5,5,5,1,3,3,3,3,5,5,3,2,5,1,2,2,5,3.64
194,20,Male,BCA,2nd year,5,3,4,1,5,1,1,2,3,2,2,3,1,1,4,2,1,5,2,2,2,2.72
195,18,Male,BCA,2nd year,3,3,3,2,2,3,4,2,3,3,4,1,3,1,4,3,4,2,3,2,3,2.96
196,18,Male,BCA,2nd year,3,4,3,1,5,4,1,1,2,2,4,4,4,4,3,3,5,2,3,3,4,3.16
197,19,Male,BCA,2nd year,3,3,2,3,4,4,2,3,3,4,2,3,2,2,2,2,2,3,2,2,5,2.8
198,19,Female,BCA,2nd year,3,4,3,2,4,4,4,3,2,3,1,4,2,2,4,2,3,2,2,2,4,3.04
199,20,Male,BCA,2nd year,3,1,3,1,3,4,2,2,1,5,2,2,1,1,3,2,2,3,2,1,2,2.56
200,18,Male,BCA,2nd year,4,4,3,2,3,5,2,4,3,1,5,4,2,1,3,2,2,2,3,3,2,3.04
201,19,Male,BCA,2nd year,2,4,3,1,2,4,3,2,3,1,5,2,4,1,3,3,3,1,4,1,3,2.88
202,20,Male,BCA,2nd year,3,3,3,3,5,4,1,3,4,5,2,3,2,1,5,1,1,2,4,3,1,3.04
203,18,Female,BCA,2nd year,3,2,2,3,3,3,3,4,2,1,4,3,2,1,4,3,1,4,2,3,1,2.84
204,20,Male,BCA,2nd year,3,2,3,3,3,4,1,3,4,4,4,3,2,4,3,2,3,4,3,3,4,3.2
205,20,Female,BTEC,3rd year,4,2,2,4,3,3,2,3,2,3,1,1,3,1,3,3,3,3,1,4,2,2.64
206,17,Female,10th,1st year,1,3,3,2,3,4,2,2,2,2,2,2,1,1,5,3,2,3,2,3,3,2.68
207,19,Female,BCA,2nd year,3,2,4,4,3,1,4,2,4,4,2,4,1,2,4,1,4,5,3,5,4,3.32
208,21,Male,BCOM,4th year,2,3,2,2,1,4,1,1,2,1,2,4,1,1,2,1,1,4,3,3,2,2.32
209,21,Female,BCA,4th year,5,3,5,3,5,3,3,3,5,1,5,5,3,5,3,4,3,5,3,4,3,3.72
210,19,Female,BTEC,3rd year,1,1,1,5,5,4,3,1,2,2,1,1,3,3,1,2,2,1,2,2,1,2.52
211,22,Male,BTEC,3rd year,4,5,4,4,3,4,3,4,1,2,5,1,2,2,2,2,1,3,2,2,5,3.12
212,18,Female,BBA,1st year,3,3,3,1,2,1,1,2,1,1,4,3,1,1,4,3,1,5,1,1,2,2.4
213,14,Female,10th,not applicable,4,1,4,1,5,3,1,1,2,3,1,1,1,1,5,3,1,2,1,5,1,2.48
214,21,Male,BTEC,4th year,4,1,3,5,5,4,3,3,5,3,1,3,3,1,5,2,3,3,2,2,1,3.08
215,22,Male,BTEC,not applicable,3,3,3,2,3,2,3,4,2,2,3,3,3,2,2,3,2,3,2,3,2,2.76
216,16,Female,11th/12th (science),not applicable,3,4,3,3,5,3,4,3,4,4,2,4,5,4,4,4,4,4,2,3,2,3.64
217,19,Male,BCA,3rd year,3,4,4,3,5,3,3,1,5,3,3,1,5,1,4,5,3,2,2,3,3,3.24
218,19,Male,BCA,3rd year,2,3,4,1,3,4,1,2,3,3,5,3,2,2,2,2,2,2,3,2,3,2.84
219,20,Male,BCA,3rd year,3,3,3,4,3,4,2,3,4,3,3,4,3,1,3,2,1,4,3,4,1,3.12
220,15,Female,10th,not applicable,3,4,4,4,4,3,4,3,4,4,3,2,3,4,3,3,3,4,3,2,3,3.52
221,20,Male,BCA,3rd year,4,3,3,4,4,5,4,2,4,4,4,5,4,2,5,4,4,4,4,3,3,3.76
222,21,Female,BCA,3rd year,5,2,3,1,1,4,4,3,1,3,1,4,3,1,5,3,2,5,2,2,1,3.0
223,21,Male,BCA,3rd year,2,4,2,4,3,4,2,3,3,2,4,2,4,1,4,3,2,2,2,3,2,3.0
224,21,Male,BCA,3rd year,4,3,2,3,5,3,1,3,3,5,4,3,5,2,4,1,2,3,3,3,3,3.24
225,20,Female,11th/12th (humanities),2nd year,3,3,4,1,5,3,5,3,3,3,3,3,3,2,2,5,5,1,2,3,5,3.32
226,16,Male,11th/12th (commerce),not applicable,3,3,3,1,2,3,1,3,1,2,3,1,2,1,2,3,2,2,2,4,1,2.48
227,16,Male,11th/12th (commerce),not applicable,4,3,4,3,5,4,2,5,3,3,5,3,2,4,2,3,1,5,2,4,3,3.48
228,22,Male,BTech.,not applicable,4,5,3,3,2,4,3,3,2,2,3,3,2,1,5,3,1,3,2,2,1,2.96
229,19,Male,BTech.,2nd year,5,4,2,3,5,3,2,4,4,5,2,3,4,1,3,2,2,5,3,4,4,3.48
230,22,Male,BTech.,4th year,4,5,3,2,1,2,1,3,2,2,3,3,3,1,2,2,3,1,3,3,3,2.6
231,19,Male,BTech.,2nd year,4,3,3,3,3,2,2,3,3,3,3,2,1,1,4,3,2,5,2,4,1,2.96
232,26,Female,11th/12th (commerce),2nd year,3,3,2,3,3,3,1,1,2,2,3,3,2,1,2,3,2,2,2,3,1,2.6
233,20,Female,BTech.,3rd year,3,5,3,2,2,4,2,3,3,3,3,3,4,2,4,2,2,3,2,2,1,3.0
234,17,Male,11th/12th (commerce),not applicable,4,2,4,3,3,4,5,4,4,3,3,5,4,2,5,4,1,5,2,3,2,3.56
235,20,Male,BTech.,3rd year,3,3,2,1,1,3,2,2,2,5,5,1,1,1,1,1,1,3,2,2,3,2.48
236,20,Female,Others,2nd year,3,3,1,2,3,2,3,4,2,2,3,4,3,2,2,3,2,5,2,1,3,2.92
237,21,Male,BTech.,4th year,3,5,4,3,5,3,4,5,2,1,3,2,4,1,3,3,3,2,3,3,3,3.28
238,21,Male,Others,1st year,3,3,3,3,3,4,3,3,3,3,4,1,2,1,3,2,2,2,2,2,4,2.76
239,28,Male,Others,not applicable,1,5,1,1,1,1,1,1,1,3,5,3,2,2,3,1,1,4,1,3,1,2.08
240,20,Male,BTech.,3rd year,4,4,3,5,4,4,3,2,3,3,2,1,2,2,4,2,4,4,2,3,3,3.24
241,19,Male,BBA,2nd year,3,4,5,4,5,3,3,3,3,3,3,4,3,1,4,3,3,1,3,3,3,3.32
242,25,Male,BTech.,not applicable,2,2,4,4,2,3,2,2,3,2,2,2,3,1,4,4,1,3,1,5,1,2.72
243,20,Female,BCA,3rd year,4,5,4,4,4,4,4,4,4,5,3,2,4,1,4,1,3,4,3,3,3,3.6
244,20,Male,BCA,3rd year,3,4,4,3,3,3,2,3,3,3,5,5,4,3,2,1,2,2,1,2,3,3.16
245,24,Male,Others,not applicable,2,3,1,2,1,1,1,2,2,5,1,3,1,1,2,2,1,1,1,2,1,2.04
246,21,Female,BTech.,3rd year,3,4,3,4,2,4,1,4,2,2,5,2,2,2,5,2,2,5,2,4,5,3.28
247,23,Female,BCOM,not applicable,4,5,3,3,5,3,3,3,4,3,3,4,3,1,5,2,5,5,5,3,5,3.8
248,21,Male,BBA,3rd year,4,2,3,4,3,4,4,2,4,3,3,3,3,4,4,3,3,2,3,3,2,3.28
249,20,Female,Others,3rd year,3,2,2,3,2,2,2,3,3,3,2,3,3,1,3,3,2,1,2,2,2,2.4
250,22,Male,BCA,3rd year,2,3,3,1,3,2,2,2,3,3,3,2,3,2,2,3,3,4,3,3,1,2.6
251,26,Female,BCOM,not applicable,3,5,4,4,5,1,5,2,4,3,1,3,4,1,4,1,3,1,3,3,1,3.24
252,22,Female,BCOM,not applicable,1,3,1,2,3,4,3,2,2,1,2,2,2,1,3,3,2,1,2,1,1,2.32
253,23,Male,Others,3rd year,3,3,5,4,5,3,5,4,4,3,4,5,4,1,3,4,3,4,4,3,3,3.68
254,21,Female,Others,1st year,3,4,4,2,3,4,3,4,4,2,1,5,3,1,3,2,1,3,3,4,2,3.2
255,21,Female,BCA,not applicable,3,2,3,4,4,4,2,2,4,2,3,5,4,2,2,2,4,5,2,1,4,3.32
256,20,Male,BCOM,4th year,3,3,4,3,3,4,3,3,4,3,4,3,3,1,4,3,2,3,2,3,2,3.08
257,20,Female,BTech.,3rd year,2,5,1,5,5,2,5,1,5,1,1,3,4,1,1,4,3,1,2,3,1,2.88
258,23,Male,BTech.,not applicable,3,5,3,3,4,4,3,1,4,2,2,2,5,1,3,3,3,2,2,1,5,3.16
259,20,Male,BTech.,3rd year,4,3,5,1,5,4,4,1,5,1,4,1,3,5,2,3,1,4,4,3,3,3.28
260,20,Male,Others,not applicable,2,3,5,2,5,5,3,4,4,5,2,5,2,4,5,4,5,5,2,2,1,3.68
261,20,Male,BTech.,3rd year,5,5,3,5,5,4,5,4,5,1,2,2,4,1,4,3,2,5,4,4,2,3.76
262,19,Male,BBA,3rd year,3,1,4,1,3,4,4,2,3,3,5,3,4,1,4,5,3,1,3,5,1,3.28
263,19,Male,BTech.,2nd year,2,5,3,5,3,1,3,2,4,3,2,3,2,1,1,3,3,3,1,1,5,2.96
264,20,Male,BBA,3rd year,3,5,4,2,2,1,4,2,4,3,2,5,5,1,2,2,2,1,3,2,4,3.12
265,21,Male,BTech.,4th year,3,2,4,3,3,2,3,3,3,3,4,4,3,1,3,3,3,3,3,3,3,3.04
266,14,Male,10th,not applicable,4,3,3,3,3,5,3,4,2,3,2,5,3,5,3,3,1,5,2,2,2,3.24
267,19,Female,BTech.,3rd year,3,3,1,1,3,3,1,2,1,1,1,1,3,1,2,3,1,4,2,3,3,2.28
268,20,Male,BCOM,3rd year,4,4,4,3,4,2,3,3,4,4,1,5,4,1,5,2,3,4,4,2,3,3.44
269,16,Female,10th,not applicable,4,4,4,1,3,2,1,2,2,3,1,3,5,1,2,1,2,1,2,2,1,2.6
270,20,Male,BTech.,3rd year,5,1,1,1,4,1,2,1,2,5,4,1,1,1,5,4,3,1,1,1,1,2.52
271,20,Male,BTech.,3rd year,4,4,2,3,4,3,2,3,4,3,2,3,3,2,3,4,3,3,2,2,2,3.08
272,14,Female,10th,not applicable,4,4,5,5,5,3,5,4,4,1,5,5,3,3,3,2,5,5,3,3,5,4.0
273,21,Female,BBA,3rd year,1,4,2,1,3,3,3,2,1,1,2,3,3,2,4,3,2,1,2,3,3,2.52
274,28,Male,BCOM,not applicable,3,5,4,2,5,3,4,4,3,2,5,3,3,1,4,2,2,4,2,3,4,3.48
275,20,Female,BTech.,3rd year,4,4,3,3,4,1,4,3,2,4,2,4,4,1,3,2,5,4,3,2,5,3.32
276,22,Male,BBA,3rd year,4,3,2,1,5,1,2,2,2,3,3,1,2,1,2,2,1,5,1,1,1,2.32
277,19,Male,BBA,3rd year,4,2,2,3,4,3,2,3,3,2,3,1,4,1,2,3,2,3,2,2,1,2.68
278,20,Male,BBA,3rd year,3,3,1,2,5,2,5,1,2,3,2,2,2,2,2,4,3,1,1,3,2,2.36
279,15,Male,10th,not applicable,2,4,2,1,5,5,3,2,2,2,3,3,3,4,1,2,2,1,2,2,3,2.8
280,20,Female,BBA,3rd year,3,2,3,3,1,1,1,5,1,2,3,1,1,1,4,3,2,5,2,2,2,2.52
281,20,Male,Others,3rd year,3,5,3,5,3,3,3,3,3,1,5,3,4,4,4,3,3,3,3,3,5,3.56
282,21,Male,Others,1st year,3,3,4,3,2,4,3,3,2,3,3,5,3,1,4,4,1,1,1,3,1,2.84
283,19,Male,BCA,2nd year,1,1,3,4,1,2,1,1,1,1,2,5,1,1,3,2,1,3,2,2,5,2.0
284,99,Other,BBA,not applicable,1,1,5,5,5,5,5,1,1,5,3,3,2,1,2,2,2,4,4,3,1,2.76
285,19,Male,BCA,2nd year,3,3,4,2,2,4,2,2,2,2,4,2,3,1,5,3,2,1,2,3,2,2.8
286,14,Female,10th,not applicable,3,5,3,4,5,4,3,4,4,3,5,5,4,4,4,2,3,5,1,3,4,3.84
287,19,Male,BCA,3rd year,4,4,4,3,4,4,3,3,4,3,4,2,2,1,4,3,2,5,2,2,2,3.36
288,21,Female,BCA,3rd year,2,1,3,1,5,1,1,3,4,3,1,3,2,4,3,3,2,5,2,3,2,2.76
289,20,Female,BBA,not applicable,4,5,2,2,5,2,3,1,3,2,4,3,2,2,4,3,3,4,4,2,5,3.2
290,28,Female,Others,not applicable,4,2,4,4,5,4,3,2,3,5,4,5,3,5,5,3,5,5,3,2,5,4.04
291,20,Male,BBA,not applicable,2,5,2,2,1,2,3,4,1,3,2,4,5,1,3,3,5,3,4,3,1,2.76
292,20,Male,BCA,3rd year,3,3,4,2,5,3,2,3,3,2,4,4,3,1,4,5,3,5,3,4,3,3.48
293,21,Male,BCA,3rd year,4,2,1,1,4,1,1,2,2,2,4,1,1,1,1,5,5,2,1,2,5,2.56
294,20,Male,BCA,3rd year,4,2,4,3,5,5,3,1,5,2,5,5,4,1,4,2,1,5,2,1,5,3.48
295,21,Female,Others,not applicable,4,5,3,1,5,2,3,3,4,2,3,2,2,1,3,3,3,1,3,3,5,3.04
296,22,Male,11th/12th (science),not applicable,1,5,5,1,2,4,5,1,3,2,3,3,5,1,3,4,5,1,1,5,1,3.04
297,20,Female,BTech.,3rd year,2,3,4,2,5,4,4,2,3,1,2,3,4,2,4,4,4,2,2,2,1,3.0
298,20,Male,BCA,3rd year,1,4,4,3,1,4,3,4,4,3,2,5,3,2,4,3,2,5,3,3,2,3.4
299,19,Male,BCA,2nd year,3,3,2,1,5,4,3,4,2,3,2,2,2,4,4,3,4,1,2,2,2,3.0
300,20,Male,BTech.,3rd year,2,2,2,4,1,4,3,1,2,2,5,1,3,1,3,2,2,1,1,2,3,2.6
301,20,Male,BCA,3rd year,2,5,1,3,5,1,5,1,1,4,5,5,3,1,4,3,2,2,1,2,5,3.2
302,19,Male,Others,2nd year,5,5,1,5,1,1,1,1,4,3,4,3,4,4,2,3,3,5,5,2,5,3.2
303,20,Female,BCA,3rd year,3,2,3,3,3,4,3,4,2,2,3,3,2,2,4,3,2,3,2,1,3,2.96
304,19,Female,BCA,2nd year,3,1,1,2,3,2,2,3,2,3,1,3,4,2,2,3,4,3,4,2,3,2.56
305,19,Male,BTech.,3rd year,5,5,3,4,5,4,5,3,5,5,3,5,1,4,5,3,3,3,3,4,3,3.8
306,20,Male,BCA,3rd year,4,1,4,3,4,5,2,2,2,2,5,5,1,1,2,4,3,2,1,2,4,3.04
307,21,Female,BTech.,4th year,2,5,1,1,1,3,2,2,2,1,1,1,3,1,1,2,2,4,1,3,2,2.32
308,18,Female,BCOM,2nd year,3,3,2,1,3,2,1,1,1,2,2,2,5,2,1,2,1,5,3,1,2,2.36
309,21,Male,BTech.,4th year,4,3,4,4,5,4,3,1,4,2,5,4,3,2,4,2,3,3,2,2,1,3.2
310,21,Female,BTech.,4th year,2,5,2,3,2,1,3,3,1,3,2,4,3,2,4,3,3,5,3,2,3,3.12
311,19,Male,BCA,3rd year,4,5,5,5,4,4,3,3,4,3,5,3,5,2,4,4,4,2,2,3,3,3.72
312,18,Male,Others,2nd year,3,3,1,1,1,3,3,2,2,2,4,3,2,3,3,5,3,4,1,2,3,2.96
313,19,Female,Others,2nd year,4,3,3,3,5,4,3,3,3,2,3,5,4,4,5,3,3,5,3,4,4,3.84
314,20,Male,BCA,2nd year,3,3,3,3,2,4,3,1,3,3,2,2,2,1,3,3,4,2,2,2,5,2.8
315,18,Male,BCA,2nd year,3,3,4,2,1,4,1,2,3,2,1,4,2,4,2,3,3,1,1,2,2,2.8
316,18,Female,Others,2nd year,1,5,4,4,5,3,3,4,3,3,2,3,2,3,5,3,2,2,3,3,3,3.4
317,21,Male,11th/12th (humanities),2nd year,3,3,5,1,3,2,1,4,3,3,4,3,2,3,3,3,2,2,2,2,2,2.6
318,17,Female,BCA,1st year,3,5,3,1,3,2,5,4,5,2,2,1,5,1,4,1,3,5,3,2,3,3.28
319,19,Female,BTech.,2nd year,1,4,4,3,5,3,3,4,3,3,2,3,4,1,4,3,3,5,3,4,2,3.4
320,18,Male,BCA,1st year,4,4,2,4,1,3,3,4,4,3,5,1,3,2,3,3,1,1,2,2,3,3.08
321,18,Female,BCA,2nd year,2,3,3,1,2,3,3,1,2,2,3,3,1,4,2,3,3,3,3,2,5,2.8
322,20,Male,BCA,2nd year,2,4,2,3,4,2,1,2,4,3,2,2,3,3,2,4,2,3,3,2,2,2.64
323,19,Male,BCA,2nd year,4,3,3,3,5,3,3,5,3,3,3,3,3,1,3,3,3,3,2,3,3,3.24
324,20,Male,BTech.,3rd year,2,4,4,3,3,2,4,5,4,3,4,2,3,2,3,3,3,3,2,3,2,3.12
325,19,Female,BCA,2nd year,2,1,3,2,3,3,1,2,3,2,4,1,2,2,3,4,1,2,3,3,2,2.44
326,16,Female,11th/12th (commerce),not applicable,1,3,3,4,2,4,3,5,2,2,2,3,2,2,3,2,2,4,2,2,1,2.96
327,19,Male,BCA,2nd year,4,5,4,4,5,5,3,2,4,2,5,5,4,2,4,1,3,5,3,3,3,3.76
328,19,Male,BTech.,1st year,4,3,3,4,5,4,3,5,4,1,4,2,3,2,3,3,2,4,3,2,1,3.32
329,20,Male,Others,3rd year,4,3,3,3,3,3,3,3,3,3,3,3,3,3,3,3,3,3,3,3,3,3.04
330,19,Female,BCA,2nd year,1,1,2,1,1,1,1,1,1,1,1,1,1,4,5,1,1,1,1,1,1,1.48
331,29,Female,BBA,2nd year,1,5,3,4,4,5,3,2,5,1,2,4,5,3,5,4,4,2,4,3,4,3.48
332,19,Female,Others,1st year,1,5,5,3,5,4,4,4,5,3,5,3,3,4,5,3,5,3,3,4,3,4.0
333,19,Female,Others,2nd year,1,5,3,3,4,3,3,3,3,3,4,3,3,1,3,3,3,5,3,3,3,3.32
334,20,Female,Others,3rd year,3,3,2,2,4,2,3,4,1,3,3,2,2,1,5,4,1,5,1,4,1,3.04
335,17,Male,11th/12th (commerce),not applicable,4,3,5,3,3,5,5,3,4,3,5,3,2,2,3,2,3,1,2,2,5,3.28
336,20,Female,BCA,3rd year,2,5,4,2,2,4,4,3,2,3,5,3,3,2,3,3,2,3,2,3,4,3.24
337,19,Female,Others,2nd year,1,3,3,2,2,1,1,3,2,3,2,3,3,1,3,2,2,2,2,2,2,2.32
338,18,Female,Others,2nd year,3,4,3,3,3,3,1,3,4,2,3,2,1,2,3,3,1,3,2,3,3,2.84
339,20,Male,Others,not applicable,4,3,5,1,5,3,3,2,1,3,1,2,3,1,5,3,1,5,3,1,3,3.04
340,19,Female,Others,2nd year,4,5,3,4,3,3,3,3,4,3,4,3,3,3,4,2,3,5,2,3,3,3.52
341,19,Female,Others,2nd year,4,3,4,2,5,2,3,3,2,5,2,2,4,3,5,3,1,5,3,3,4,3.48
342,17,Male,BCA,1st year,4,2,5,1,5,3,1,2,5,5,1,5,3,1,4,3,4,1,5,3,5,3.4
343,20,Male,BTech.,3rd year,4,5,1,1,3,2,1,3,1,1,2,1,2,3,3,1,2,2,1,3,5,2.64
344,15,Female,10th,not applicable,4,5,3,4,5,4,3,3,3,4,5,2,2,3,3,3,5,3,3,3,2,3.36
345,20,Male,Others,2nd year,4,5,5,5,5,3,2,1,2,1,3,1,1,3,3,2,3,5,2,2,5,3.2
346,17,Male,11th/12th (science),not applicable,1,1,1,1,5,4,1,5,4,5,2,5,3,5,1,3,2,3,1,2,3,2.68
347,19,Male,BCOM,2nd year,4,4,4,3,5,4,2,3,2,5,2,5,3,1,3,3,3,1,3,3,2,3.24
348,20,Male,BCA,3rd year,5,1,4,5,1,1,1,1,1,1,1,1,1,1,1,1,1,1,4,2,3,1.68
349,21,Male,BTech.,4th year,3,4,3,4,3,3,4,3,4,4,2,4,4,2,4,4,2,1,2,2,2,3.16
350,20,Female,Others,3rd year,4,3,3,1,1,4,2,2,2,2,3,2,2,1,4,5,1,2,2,1,2,2.6
351,21,Female,BCA,3rd year,1,3,2,4,3,1,2,3,2,3,3,2,3,1,2,3,2,2,1,1,2,2.48
352,18,Female,BTech.,2nd year,3,4,2,2,2,4,3,2,1,2,2,3,3,1,4,2,4,1,2,2,3,2.6
353,19,Female,BTech.,2nd year,4,2,4,4,3,2,3,3,2,3,3,2,3,1,4,3,3,3,2,2,2,2.92
354,19,Male,BTech.,2nd year,3,2,1,3,3,2,1,3,1,2,2,4,3,1,1,2,2,1,1,2,3,2.36
355,19,Male,BTech.,2nd year,3,3,3,3,3,4,3,4,3,3,4,2,3,2,4,2,2,3,3,2,3,3.2
356,20,Female,Others,3rd year,3,3,3,3,3,2,2,3,2,2,1,2,4,2,3,3,2,2,3,3,3,2.84
357,16,Female,11th/12th (humanities),not applicable,5,3,3,5,5,5,3,2,3,3,3,5,3,2,3,2,3,5,4,4,5,3.48
358,20,Female,Others,3rd year,3,4,2,3,2,3,3,2,3,2,5,3,5,1,3,2,2,5,2,2,1,3.0
359,20,Male,Others,3rd year,2,1,1,2,2,4,3,4,1,2,4,2,1,2,2,3,2,5,3,2,1,2.52
360,19,Female,Others,2nd year,2,3,2,1,5,4,3,1,4,3,2,1,3,1,3,3,1,1,1,1,2,2.6
361,20,Female,Others,3rd year,1,4,3,1,2,3,2,2,2,3,3,2,4,1,5,3,4,1,2,3,3,2.8
362,20,Male,Others,3rd year,3,4,4,3,3,5,5,3,4,3,5,5,2,2,4,3,2,5,4,3,3,3.76
363,21,Male,BCA,3rd year,4,4,4,3,3,5,5,4,4,1,5,5,2,2,5,2,1,4,3,2,3,3.48
364,19,Female,BCOM,3rd year,2,3,4,5,5,1,5,5,3,2,3,1,3,2,4,3,3,5,4,2,3,3.4
365,21,Male,Others,3rd year,4,5,2,1,4,4,3,2,2,2,3,3,3,1,3,2,4,3,3,2,4,3.08
366,17,Male,11th/12th (humanities),not applicable,3,4,4,3,1,1,3,2,2,3,3,4,1,1,4,4,2,2,1,5,2,2.64
367,20,Female,Others,3rd year,1,4,2,3,1,4,3,2,2,2,1,3,3,1,4,3,3,2,2,2,2,2.72
368,20,Male,Others,3rd year,3,5,3,3,4,4,5,2,3,3,3,5,2,2,5,5,3,3,2,3,3,3.6
369,22,Male,BCOM,3rd year,4,2,2,5,3,1,3,5,2,1,1,1,1,2,5,5,2,5,2,4,3,2.96
370,21,Male,BCOM,3rd year,2,5,4,3,3,4,3,4,4,2,2,2,3,4,1,3,3,3,3,3,5,3.32
371,20,Male,Others,3rd year,4,4,3,3,2,4,3,3,4,3,1,3,2,1,4,3,2,1,2,3,2,2.84
372,20,Male,Others,3rd year,2,3,4,3,3,4,2,1,2,3,4,3,5,3,3,3,2,2,1,3,2,3.0
373,21,Female,Others,3rd year,2,5,3,5,5,4,3,1,3,1,2,5,3,1,3,1,2,5,2,1,2,3.0
374,20,Male,Others,3rd year,4,4,3,1,2,4,1,2,2,1,5,1,1,3,5,1,2,1,1,4,3,2.76
375,19,Female,Others,2nd year,3,4,3,3,3,4,1,5,1,3,2,2,3,1,4,2,3,5,2,3,3,3.04
376,22,Female,11th/12th (science),3rd year,3,4,4,4,4,4,3,4,4,2,3,4,3,1,2,4,2,2,1,2,1,3.12
377,16,Male,11th/12th (science),not applicable,5,5,3,3,5,3,3,5,4,3,5,5,4,4,5,4,5,2,4,4,3,3.84
378,23,Female,Others,not applicable,3,2,2,2,2,3,2,2,2,3,2,1,2,3,2,3,4,4,4,1,4,2.8
379,15,Male,11th/12th (science),not applicable,4,5,3,5,5,5,2,3,3,1,5,5,5,2,3,1,3,2,2,2,5,3.6
380,17,Male,11th/12th (science),not applicable,2,3,1,2,5,3,2,1,2,2,4,3,2,2,3,3,2,2,1,2,4,2.72
381,20,Female,Others,3rd year,2,4,3,4,3,3,2,4,2,4,3,1,1,2,5,4,3,1,1,3,2,2.88
382,20,Female,BCOM,3rd year,1,4,3,1,3,3,3,1,2,3,4,3,3,2,2,3,3,1,3,2,3,2.76
383,20,Female,BCOM,3rd year,3,5,3,1,3,2,2,2,2,1,3,2,3,1,5,3,3,1,2,3,2,2.8
384,16,Male,11th/12th (science),not applicable,3,1,4,1,5,4,2,1,1,3,2,3,2,1,4,3,4,2,3,3,4,2.92
385,16,Male,11th/12th (commerce),not applicable,3,4,2,5,3,3,2,4,3,2,3,1,2,1,3,3,3,5,3,3,2,3.08
386,20,Male,11th/12th (commerce),2nd year,3,2,5,3,3,1,3,3,2,2,4,2,3,2,3,3,4,4,3,1,5,2.84
387,15,Male,11th/12th (science),not applicable,5,1,5,5,5,5,1,1,5,5,5,1,5,1,5,1,5,5,5,5,5,3.56
388,19,Female,Others,1st year,2,4,3,2,5,2,2,1,4,2,2,1,2,1,2,2,2,4,2,1,1,2.6
389,21,Female,BEd.,1st year,4,5,3,3,5,3,3,3,4,4,4,3,3,1,5,2,1,4,2,3,1,3.4
390,20,Female,BCOM,3rd year,3,1,3,5,5,3,3,3,4,4,4,3,3,2,5,5,1,1,2,4,4,3.48
391,21,Male,BCA,3rd year,4,3,5,1,3,1,2,2,2,3,5,3,5,4,3,3,1,1,1,1,2,2.64
392,15,Female,11th/12th (science),1st year,4,3,5,4,5,1,5,2,4,3,5,3,3,5,4,2,3,3,3,3,3,3.52
393,16,Male,11th/12th (commerce),not applicable,3,5,1,3,1,3,3,3,4,2,3,3,2,2,4,2,3,2,2,4,1,2.84
394,16,Male,11th/12th (commerce),not applicable,3,5,1,3,1,3,3,3,4,2,3,3,2,2,4,2,3,2,2,4,1,2.84
395,19,Male,Others,3rd year,3,4,5,4,5,4,3,3,4,3,2,4,2,1,3,3,4,5,3,3,5,3.6
396,17,Female,Others,1st year,4,2,1,1,5,3,3,1,1,5,2,4,3,1,5,5,5,5,3,3,4,3.44
397,20,Female,BCOM,3rd year,3,4,3,3,3,3,3,3,3,3,3,3,3,2,3,3,3,3,3,3,3,3.0
398,19,Male,BTech.,2nd year,4,5,4,4,3,3,3,5,3,2,4,3,2,1,5,5,2,4,1,3,4,3.4
399,19,Female,BCOM,2nd year,4,4,5,2,3,4,5,4,3,3,2,2,3,3,5,2,3,5,2,4,5,3.72
400,20,Female,BCOM,3rd year,4,5,4,4,4,4,3,3,3,3,3,4,4,1,4,3,4,5,4,4,4,3.84
401,18,Female,BCOM,1st year,2,3,3,3,3,3,2,3,3,1,1,4,1,1,5,3,3,5,1,3,2,2.88
402,20,Female,BCOM,3rd year,1,3,2,1,5,3,5,3,3,2,2,3,3,1,5,4,2,5,3,2,1,3.0
403,21,Male,BCOM,3rd year,4,3,1,1,2,4,4,1,4,2,5,3,2,3,4,3,1,1,3,3,3,2.84
404,20,Female,Others,3rd year,3,2,4,5,4,1,1,4,4,3,4,1,3,2,1,2,3,4,1,2,1,2.84
405,21,Male,BTech.,3rd year,4,3,1,2,2,4,4,2,2,1,3,2,2,1,2,2,1,4,2,2,1,2.56
406,18,Female,BCOM,2nd year,2,5,3,2,3,4,1,5,4,3,1,5,4,1,5,4,3,5,3,2,5,3.56
407,17,Male,11th/12th (commerce),not applicable,2,3,3,3,3,4,2,2,3,2,4,3,1,1,4,4,3,3,1,2,2,2.92
408,21,Female,BBA,not applicable,1,4,3,1,3,3,2,3,3,1,2,3,3,1,5,2,1,1,3,3,2,2.68
409,19,Female,BCOM,3rd year,3,2,2,1,2,4,1,2,2,2,3,1,5,1,2,1,3,3,2,4,3,2.68
410,23,Female,BEd.,not applicable,2,4,4,3,3,2,1,2,2,3,2,2,3,1,3,3,2,4,2,2,2,2.84
411,20,Female,Others,1st year,3,3,4,4,5,3,3,3,3,5,2,5,3,2,3,2,3,1,2,2,3,3.28
412,23,Male,BTech.,3rd year,2,1,4,1,5,3,2,1,2,2,2,2,2,1,5,2,1,2,3,2,1,2.32
413,21,Female,BCOM,not applicable,2,3,3,3,3,5,3,2,2,1,2,3,3,1,4,2,2,3,3,2,2,2.88
414,17,Female,11th/12th (commerce),not applicable,2,1,1,3,2,3,1,3,2,1,5,3,2,1,3,3,1,1,1,1,1,2.36
415,21,Male,BCOM,3rd year,3,5,4,3,4,1,4,4,4,3,4,4,3,1,3,2,3,3,3,4,3,3.32
416,18,Male,11th/12th (commerce),2nd year,2,3,3,1,3,4,2,1,5,3,1,5,3,1,3,3,5,5,2,2,1,2.84
417,20,Female,BCOM,not applicable,4,3,3,4,3,4,1,5,2,1,2,3,2,1,2,3,1,3,2,1,4,2.92
418,17,Male,11th/12th (humanities),not applicable,4,3,2,4,5,4,3,4,3,2,5,3,4,1,3,4,1,3,1,4,1,3.2
419,17,Male,11th/12th (commerce),not applicable,2,3,3,2,5,3,3,3,2,1,2,5,2,2,4,3,3,2,1,3,3,2.92
420,21,Female,Others,not applicable,2,5,2,2,2,3,1,2,3,1,2,2,2,1,1,1,1,5,2,2,1,2.32
421,17,Male,11th/12th (commerce),not applicable,3,3,1,3,3,4,1,1,2,2,2,3,1,1,5,4,1,5,1,2,1,2.64
422,18,Male,11th/12th (humanities),1st year,3,3,1,4,3,3,2,1,3,3,3,4,2,1,4,3,2,4,3,2,2,2.76
423,20,Male,BTech.,3rd year,5,3,2,1,3,4,4,3,2,3,5,2,4,2,4,2,2,3,3,2,3,3.16
424,20,Female,BTech.,3rd year,3,3,4,2,3,4,2,1,3,3,3,3,3,2,3,3,3,5,1,2,3,2.92
425,21,Female,Others,3rd year,4,3,4,4,5,2,2,4,2,5,4,5,2,1,4,1,1,5,2,2,1,3.28
426,20,Female,Others,3rd year,4,3,2,2,4,4,1,2,3,3,2,1,3,1,2,2,1,3,2,2,2,2.68
427,18,Female,BCOM,2nd year,3,3,4,4,3,3,3,3,3,3,3,3,3,4,5,3,3,4,2,2,2,3.24
428,20,Female,BTech.,2nd year,1,1,2,5,3,2,3,4,1,4,1,4,4,1,4,4,2,1,2,2,1,2.8
429,21,Male,11th/12th (science),4th year,5,1,2,1,5,5,3,1,1,1,5,1,2,1,4,1,4,4,4,3,3,2.84
430,20,Female,Others,1st year,4,5,3,1,3,3,3,2,4,3,4,3,2,1,5,3,3,1,3,2,1,3.12
431,19,Female,BCOM,2nd year,4,4,5,2,5,5,2,4,2,3,2,3,2,1,2,3,3,5,1,3,3,3.24
432,17,Male,11th/12th (commerce),not applicable,4,3,3,4,3,4,5,1,3,3,3,3,1,2,3,3,3,1,3,3,3,2.92
433,21,Female,11th/12th (humanities),3rd year,3,5,3,4,3,5,5,2,2,5,3,3,4,1,3,4,4,3,3,3,3,3.32
434,19,Male,BBA,2nd year,1,4,2,1,3,5,3,2,2,3,5,2,3,1,5,1,1,3,1,1,3,2.64
435,20,Female,Others,3rd year,2,3,3,1,5,4,4,5,3,2,5,4,2,2,4,3,1,5,1,2,2,3.2
436,20,Female,BCOM,3rd year,3,5,2,4,3,3,3,4,3,1,3,3,3,2,3,4,2,4,2,2,3,3.2
437,19,Female,Others,2nd year,4,3,1,1,2,3,5,1,1,1,4,1,2,1,5,3,2,5,1,1,1,2.52
438,21,Female,Others,4th year,1,3,5,5,5,3,3,2,4,5,2,3,2,1,4,5,3,1,4,4,1,3.36
439,21,Female,Others,not applicable,3,5,3,3,5,4,4,4,4,1,4,2,3,2,3,2,1,5,2,2,2,3.28
440,20,Female,Others,1st year,3,3,2,4,3,1,2,4,1,2,2,4,3,2,5,4,2,1,1,2,3,2.92
441,20,Male,BTech.,4th year,5,5,5,1,5,3,1,3,5,1,4,1,4,3,5,1,5,5,5,5,1,3.52
442,21,Male,BTech.,not applicable,4,5,5,4,5,4,4,3,5,3,5,3,4,1,5,4,3,5,4,4,3,3.92
443,21,Female,BCOM,not applicable,4,4,2,4,3,3,3,3,3,3,5,2,2,1,4,3,1,5,4,2,2,3.28
444,23,Male,11th/12th (humanities),3rd year,5,1,5,4,1,3,2,2,1,2,5,3,1,3,3,2,2,2,1,3,5,2.76
445,20,Male,BTech.,4th year,4,5,4,2,5,3,3,1,3,3,3,5,2,1,5,2,5,5,3,3,5,3.48
446,21,Male,Others,3rd year,4,3,3,3,3,3,2,3,3,3,3,3,3,2,3,3,3,1,3,3,3,2.88
447,22,Female,Others,not applicable,3,5,1,3,3,3,2,2,1,1,3,4,5,1,1,1,1,5,2,1,1,2.64
448,22,Male,Others,3rd year,3,3,4,3,4,4,2,4,4,3,1,2,3,1,5,2,4,5,2,3,5,3.08
449,19,Male,BTech.,2nd year,4,4,2,3,3,4,5,3,3,2,3,2,2,1,3,3,3,1,2,3,3,3.08
450,21,Female,Others,not applicable,2,4,3,2,5,4,3,1,2,3,3,4,3,2,4,3,3,5,3,3,2,3.24
451,17,Male,11th/12th (commerce),not applicable,4,3,3,3,2,3,3,4,4,3,2,3,3,3,3,2,3,4,2,3,1,3.16
452,19,Male,BTech.,3rd year,3,2,1,1,1,3,1,1,1,1,1,5,1,1,1,3,1,2,1,1,2,1.96
453,19,Male,BTech.,1st year,4,4,3,2,2,4,2,3,2,2,4,3,1,1,4,2,2,3,2,2,4,2.96
454,15,Male,10th,not applicable,4,5,5,3,5,4,2,3,2,4,1,4,3,2,4,5,4,5,2,3,4,3.76
455,25,Female,Others,not applicable,3,4,4,4,2,2,3,2,4,1,1,4,3,2,1,1,4,5,4,2,3,2.8
456,27,Male,BTech.,not applicable,3,5,3,2,2,3,3,3,3,2,2,3,2,1,3,3,2,4,3,1,3,2.84
457,21,Male,11th/12th (science),4th year,5,1,5,5,5,4,2,1,2,3,1,3,1,2,3,5,5,3,1,2,1,2.88
458,19,Female,Others,2nd year,3,3,4,4,3,1,3,1,3,2,3,2,3,2,3,3,3,4,2,3,2,3.0
459,19,Female,Others,3rd year,1,3,2,4,1,4,2,4,2,1,2,3,2,1,1,2,3,3,2,1,2,2.56
460,18,Female,Others,1st year,3,5,3,3,5,4,3,3,2,1,2,5,2,1,3,2,3,5,4,4,1,3.12
461,22,Male,11th/12th (science),not applicable,4,3,3,4,4,4,3,4,3,3,5,3,2,1,5,5,4,5,2,3,5,3.8
462,21,Male,BCA,3rd year,4,4,3,1,3,2,1,2,4,2,5,3,3,2,4,2,2,3,1,2,4,2.96
463,20,Female,BCOM,3rd year,3,5,1,2,2,4,1,3,2,3,2,3,1,1,4,3,2,3,2,2,2,2.8
464,17,Female,11th/12th (science),not applicable,3,5,1,3,3,3,2,3,2,1,2,3,2,1,4,3,1,2,1,3,1,2.64
465,21,Female,11th/12th (science),2nd year,2,3,2,2,2,4,2,3,3,5,1,2,3,1,4,3,1,1,2,5,1,2.68
466,22,Male,Others,not applicable,3,1,4,1,5,4,3,2,3,4,1,1,2,2,1,1,1,1,3,1,1,2.04
467,20,Female,Others,3rd year,2,3,2,4,5,5,2,3,2,3,2,1,2,1,2,3,3,2,2,2,3,2.84
468,21,Female,Others,3rd year,2,3,3,2,1,3,3,1,2,3,2,3,2,1,3,3,3,2,2,3,5,2.76
469,20,Female,Others,3rd year,4,3,4,3,4,3,4,3,3,2,1,2,3,2,3,4,2,5,2,3,2,3.16
470,16,Male,11th/12th (science),not applicable,4,5,2,5,5,1,5,4,4,3,3,3,4,3,4,2,1,3,2,2,3,3.4
471,20,Female,Others,1st year,2,4,3,2,3,3,2,3,1,1,1,3,3,1,5,4,1,1,2,1,1,2.4
472,28,Female,Others,not applicable,4,5,3,3,4,3,3,1,4,5,2,1,3,3,4,3,5,4,3,2,1,3.28
473,19,Female,BBA,2nd year,3,3,4,1,3,3,4,1,4,3,1,2,3,1,4,2,3,1,2,3,4,2.92
474,19,Female,Others,2nd year,3,2,3,2,5,5,4,2,5,5,3,5,4,3,5,2,2,5,2,3,3,3.6
475,18,Female,Others,1st year,4,3,2,5,3,3,3,4,4,3,2,5,3,1,3,2,3,5,3,3,5,3.52
476,18,Male,BCA,2nd year,4,4,4,3,3,4,3,3,2,3,2,3,2,1,3,1,2,5,2,3,3,3.08
477,20,Female,BTech.,4th year,4,4,3,5,4,4,4,4,2,2,4,4,4,2,3,2,2,4,2,2,4,3.36
478,19,Female,BCOM,2nd year,4,5,4,3,3,1,2,5,2,3,3,2,2,3,3,4,2,2,2,2,1,2.96
479,17,Male,11th/12th (humanities),not applicable,3,5,1,4,3,5,1,3,2,3,1,2,5,2,2,2,1,2,2,1,1,2.4
480,17,Male,11th/12th (science),not applicable,2,4,1,1,4,3,3,2,2,2,3,2,3,1,3,3,2,2,1,2,2,2.52
481,17,Male,11th/12th (science),not applicable,2,4,1,1,4,3,3,2,2,2,3,2,3,1,3,3,2,2,1,2,2,2.52
482,19,Male,Others,1st year,4,5,4,3,5,5,3,1,1,3,3,5,3,4,5,2,1,2,2,2,3,3.24
483,19,Male,Others,1st year,4,4,4,4,5,3,2,4,4,3,4,2,1,3,4,5,2,5,3,2,3,3.48
484,19,Male,BTech.,1st year,1,2,3,4,4,5,5,4,3,1,3,3,4,1,3,1,3,2,2,2,3,2.92
485,20,Female,Others,3rd year,4,4,3,3,3,4,3,4,4,4,4,3,4,2,3,2,1,5,2,4,1,3.4
486,17,Female,11th/12th (commerce),not applicable,4,5,5,3,5,4,3,3,2,3,3,5,3,2,4,5,5,5,3,3,3,3.84
487,19,Male,BTech.,2nd year,3,3,3,4,3,4,2,2,2,3,5,2,4,1,2,4,3,2,2,2,2,2.92
488,20,Female,BCA,3rd year,3,4,3,4,3,4,3,2,4,5,5,5,3,4,5,3,2,4,3,2,2,3.64
489,17,Male,11th/12th (commerce),not applicable,4,3,3,3,5,4,2,2,4,3,3,1,1,1,4,2,1,2,1,3,1,2.92
490,21,Female,BBA,not applicable,3,4,1,4,5,1,5,4,3,3,1,2,2,2,2,3,3,3,2,3,2,2.92
491,17,Male,11th/12th (commerce),not applicable,4,4,3,3,5,4,2,2,4,4,2,4,4,2,4,5,4,3,3,4,4,3.64
492,18,Male,11th/12th (science),not applicable,3,4,2,4,3,2,2,1,3,3,2,1,5,4,5,2,3,5,1,2,5,3.2
493,18,Male,BCA,1st year,3,2,3,3,2,2,3,3,3,2,3,2,2,2,3,2,1,2,2,2,1,2.56
494,17,Female,BCA,1st year,3,4,2,4,3,1,2,3,3,2,2,1,5,1,4,3,2,5,2,1,3,2.96
495,19,Male,BCA,1st year,4,5,4,5,5,2,5,2,2,3,4,2,2,4,5,3,5,3,3,2,5,3.72
496,17,Female,BCA,1st year,2,3,1,2,2,3,3,4,1,3,3,4,2,1,2,2,2,2,2,2,2,2.72
497,17,Male,BCA,1st year,3,1,5,1,5,1,1,2,2,3,5,5,2,1,2,4,3,2,2,2,3,3.0
498,19,Male,BCA,1st year,4,2,4,3,5,4,1,5,2,3,2,4,2,1,3,2,3,1,2,3,5,3.24
499,20,Male,BCA,1st year,4,3,4,5,3,5,1,3,4,3,5,2,2,2,3,3,1,1,1,2,2,3.0
500,18,Male,BCA,1st year,4,3,4,2,5,4,3,1,2,4,3,5,1,4,4,3,2,3,3,3,5,3.44
501,19,Male,BCA,1st year,4,4,5,4,5,5,3,2,3,2,2,5,3,1,5,3,4,3,3,2,5,3.68
502,17,Female,BCA,1st year,3,2,2,3,5,4,3,1,1,2,2,3,2,1,4,2,2,2,2,3,3,2.76
503,19,Male,BCA,1st year,5,5,3,5,5,4,3,2,4,5,2,5,4,1,4,1,5,5,1,3,5,3.84
504,19,Male,BCA,1st year,3,5,3,3,4,4,3,1,2,2,4,2,4,2,4,3,3,3,2,2,3,3.16
505,18,Male,BCA,1st year,3,3,4,3,5,4,1,3,2,3,3,5,2,3,4,4,1,2,3,2,2,3.08
506,21,Female,Others,3rd year,3,5,2,3,3,5,3,1,2,3,1,5,1,2,1,3,5,5,3,2,3,3.12
507,17,Male,11th/12th (science),not applicable,3,3,5,5,5,3,2,1,2,3,5,4,1,1,3,3,1,5,2,2,3,2.88
508,18,Male,BCA,1st year,4,3,1,1,4,3,4,4,1,4,3,3,5,1,4,3,5,3,3,1,2,3.2
509,19,Female,BCA,1st year,3,3,2,1,5,1,3,3,2,2,3,3,2,1,5,2,1,3,2,3,3,2.84
510,17,Male,BCA,1st year,3,3,3,1,5,2,3,2,2,5,3,4,2,1,5,3,3,5,3,3,2,3.16
511,19,Male,Others,1st year,3,3,4,3,5,1,3,4,2,3,4,3,3,1,3,4,2,1,3,4,1,3.08
512,18,Female,11th/12th (science),1st year,4,2,3,1,3,5,2,4,2,4,1,4,1,2,1,2,1,2,3,2,2,2.76
513,19,Female,Others,2nd year,2,5,3,1,5,5,4,2,3,3,2,3,2,1,5,4,1,5,3,3,2,3.2
514,21,Male,BCA,not applicable,2,1,2,4,5,5,3,3,4,3,3,3,4,1,1,3,1,2,3,2,3,2.8
515,20,Female,BTech.,3rd year,3,2,3,4,3,4,2,4,3,3,2,3,2,1,5,2,2,4,2,3,3,3.08
516,18,Male,Others,1st year,3,3,1,3,3,3,1,4,2,2,2,3,2,3,2,3,1,2,2,2,1,2.64
517,21,Female,Others,1st year,4,3,4,5,5,4,3,4,3,3,3,3,2,2,3,2,3,1,4,2,3,3.2
518,20,Male,BCOM,3rd year,3,3,2,5,3,5,3,4,2,1,5,3,3,2,3,3,3,5,3,3,2,3.44
519,21,Female,BTech.,4th year,3,2,4,4,3,3,3,3,3,3,4,3,4,3,3,3,1,5,3,3,3,3.2
520,18,Female,Others,2nd year,1,2,4,2,3,4,1,1,5,2,3,3,2,1,2,3,3,2,2,3,3,2.72
521,19,Male,BBA,2nd year,4,5,5,5,3,4,1,2,3,3,5,3,4,1,4,5,4,1,3,4,5,3.4
522,19,Male,BBA,2nd year,4,5,5,5,3,4,1,2,3,3,5,3,4,1,4,5,4,1,3,4,5,3.4
523,23,Male,Others,not applicable,4,5,5,5,1,5,1,1,1,1,2,1,1,5,4,1,5,1,1,1,1,2.88
524,19,Female,BBA,3rd year,1,2,2,4,3,1,1,5,1,4,2,3,2,1,2,3,1,2,1,2,3,2.52
525,23,Female,BEd.,1st year,3,4,3,4,3,2,3,3,3,3,2,3,3,1,2,2,2,4,3,3,3,2.8
526,19,Female,Others,2nd year,2,5,4,3,2,2,2,2,3,2,3,2,2,3,3,2,3,3,2,3,2,2.84
527,22,Female,Others,2nd year,3,3,2,2,3,3,3,3,2,1,2,3,2,4,3,2,3,4,2,2,3,2.88
528,24,Female,Others,not applicable,4,5,5,5,5,5,3,5,5,3,4,3,2,1,3,4,1,4,2,4,1,3.64
529,21,Female,11th/12th (humanities),3rd year,3,5,2,1,1,3,1,1,3,5,5,1,2,5,3,3,5,2,1,1,1,2.8
530,21,Female,Others,4th year,1,3,3,2,5,4,5,2,3,5,3,2,3,1,3,2,5,3,1,2,2,3.08
531,17,Female,11th/12th (science),not applicable,3,5,3,3,3,3,2,3,4,3,2,3,3,1,5,2,3,1,2,3,3,3.12
532,21,Male,BTech.,4th year,1,5,1,1,1,5,1,1,1,1,1,1,1,1,1,1,1,1,1,1,1,1.48
533,27,Male,BTech.,not applicable,4,5,5,5,2,4,1,1,3,2,2,2,3,4,4,4,3,1,3,3,1,3.12
534,16,Female,11th/12th (science),not applicable,3,5,3,3,3,5,2,4,3,3,2,3,3,5,5,3,3,2,2,3,3,3.44
535,22,Male,BTech.,4th year,3,5,5,5,5,4,5,1,5,5,5,5,5,1,5,5,5,5,5,5,5,4.56
536,20,Male,Others,3rd year,3,3,2,3,4,3,3,3,4,2,4,3,3,3,3,3,4,4,3,3,3,3.32
537,18,Male,BTech.,1st year,3,4,4,3,3,5,4,2,4,3,4,4,4,3,4,1,4,5,3,3,4,3.68
538,19,Male,BCOM,2nd year,4,5,4,5,1,2,4,3,1,2,1,5,2,1,1,5,1,4,3,4,2,3.16
539,19,Male,Others,2nd year,2,4,2,3,3,3,1,1,2,3,2,2,2,1,3,3,2,1,1,2,1,2.52
540,21,Female,BTech.,3rd year,1,1,2,2,4,4,1,2,2,3,1,2,2,1,4,3,1,1,4,2,4,2.36
541,19,Female,BCOM,3rd year,3,4,2,4,3,4,2,2,3,3,1,2,3,4,3,3,2,4,2,2,1,3.0
542,17,Male,11th/12th (commerce),not applicable,3,3,3,4,5,3,3,1,4,4,3,5,2,3,4,2,3,5,1,2,2,3.16
543,20,Male,Others,3rd year,5,3,5,3,5,5,3,1,5,2,5,3,3,1,5,3,3,5,4,3,2,3.68
544,19,Male,BBA,1st year,5,5,5,5,5,5,5,3,4,1,5,5,1,5,3,1,5,2,1,2,5,3.76
545,21,Female,Others,1st year,3,3,4,1,2,2,2,2,3,2,2,3,2,1,3,3,2,2,1,2,1,2.48
546,17,Male,BCA,1st year,3,4,4,2,1,4,3,2,2,1,1,2,4,1,4,5,3,4,2,3,5,3.12
547,17,Male,11th/12th (commerce),not applicable,4,3,3,2,4,3,3,3,2,4,2,1,2,1,3,3,2,3,1,4,4,2.96
548,17,Male,11th/12th (science),1st year,4,4,5,4,3,4,3,3,3,3,3,3,2,3,4,1,2,1,2,2,3,3.08
549,20,Female,BCOM,2nd year,3,5,3,3,5,3,3,2,2,3,2,2,3,2,4,3,3,5,2,4,3,3.32
550,18,Female,BCOM,2nd year,2,1,5,3,5,5,1,2,3,2,3,5,5,2,3,1,1,5,2,3,3,2.88
551,23,Female,BCOM,3rd year,3,4,4,4,5,4,2,2,3,2,3,4,2,2,4,4,2,5,4,3,3,3.48
552,19,Female,BBA,1st year,4,5,3,2,1,5,2,3,2,3,2,1,3,1,4,2,1,5,2,2,1,2.76
553,19,Female,11th/12th (commerce),1st year,4,3,3,3,5,1,5,3,1,4,1,2,2,5,3,5,2,5,2,2,2,3.12
554,18,Male,BCA,1st year,4,3,2,3,4,5,3,3,2,5,3,5,1,4,4,2,4,4,3,2,5,3.56
555,18,Female,BCOM,2nd year,2,5,3,4,3,3,4,4,4,3,3,3,3,3,5,5,4,2,3,4,4,3.6
556,19,Female,BCOM,2nd year,1,5,5,3,3,5,5,1,1,3,4,5,3,2,5,3,5,5,3,2,5,3.76
557,20,Female,BCOM,2nd year,3,2,2,3,3,3,5,3,5,4,2,3,4,4,4,3,4,1,1,5,3,3.24
558,20,Male,Others,not applicable,3,4,3,4,3,4,3,1,2,3,2,4,4,1,3,3,3,3,1,2,2,3.0
559,21,Male,BCA,3rd year,3,4,2,3,3,4,3,2,3,4,3,3,3,2,3,3,3,2,2,3,3,3.08
560,23,Female,BEd.,1st year,3,4,3,4,3,2,3,3,3,3,2,3,3,1,2,2,2,4,3,3,3,2.8
561,19,Female,BCOM,2nd year,3,3,3,3,3,4,3,3,1,1,1,3,3,2,4,2,1,5,2,2,3,2.72
562,20,Female,Others,1st year,3,5,2,4,4,4,2,3,3,3,4,4,4,3,4,2,4,5,3,2,5,3.72
563,20,Male,BTech.,2nd year,3,1,2,2,5,4,1,1,1,1,1,1,3,5,1,2,3,1,1,3,2,2.4
564,19,Female,11th/12th (commerce),2nd year,4,3,5,4,3,3,5,4,2,1,3,3,3,5,4,2,1,5,3,4,3,3.24
565,17,Male,11th/12th (commerce),not applicable,4,3,3,4,5,1,4,2,4,4,3,3,2,3,3,2,2,2,2,1,3,2.88
566,20,Female,BBA,3rd year,3,5,3,4,3,2,3,3,4,3,2,3,3,2,5,3,3,5,3,3,1,3.36
567,23,Female,BTech.,4th year,4,5,5,5,2,5,5,5,3,3,3,3,3,1,4,3,3,5,1,3,5,3.8
568,18,Female,BBA,2nd year,2,3,3,4,3,3,3,4,3,3,3,4,2,1,3,3,3,2,3,4,5,3.24
569,19,Female,BCOM,2nd year,4,3,4,3,3,2,4,2,3,1,5,1,4,2,4,1,3,2,2,5,2,2.64
570,18,Female,BBA,1st year,4,3,2,4,3,5,2,2,2,2,2,1,5,2,4,2,1,1,2,3,5,3.08
571,18,Female,BCOM,1st year,3,3,3,4,5,4,3,3,3,3,5,5,2,3,4,4,3,5,3,3,3,3.56
572,18,Female,BBA,2nd year,4,5,4,3,3,3,3,3,2,3,5,3,4,3,4,3,4,3,4,4,5,3.68
573,18,Male,BTech.,1st year,3,3,5,4,5,3,3,1,3,3,3,3,3,2,3,3,3,2,3,3,3,3.08
574,21,Male,BTech.,2nd year,2,2,1,3,3,3,3,4,3,2,2,3,3,1,3,3,3,2,1,3,3,2.72
575,18,Male,BBA,1st year,4,3,5,5,5,5,5,5,5,1,5,5,1,2,5,2,5,5,2,1,2,3.68
576,16,Female,11th/12th (commerce),not applicable,3,3,4,1,2,3,1,2,3,3,2,5,2,4,4,2,5,2,2,3,1,2.92
577,18,Female,BBA,1st year,3,4,4,2,5,4,3,1,3,2,3,5,4,2,3,2,5,2,2,2,5,3.4
578,16,Female,11th/12th (commerce),not applicable,3,3,4,1,2,3,1,2,3,3,2,5,2,4,4,2,5,2,2,3,1,2.92
579,19,Male,BCA,2nd year,3,3,5,2,2,3,3,3,3,3,2,1,3,2,1,1,3,1,1,1,1,2.36
580,16,Female,11th/12th (commerce),not applicable,3,3,4,1,2,3,1,2,3,3,2,5,2,4,4,2,5,2,2,3,1,2.92
581,20,Male,BTech.,1st year,4,4,5,4,3,5,5,4,3,3,4,4,3,2,2,4,1,4,4,3,5,3.68
582,19,Male,BTech.,2nd year,4,4,2,3,4,3,1,4,2,3,5,3,2,4,3,2,3,5,2,2,4,3.32
583,18,Female,BCA,1st year,1,3,3,3,1,3,3,2,2,3,3,2,2,1,3,2,2,1,2,2,1,2.24
584,19,Female,BCOM,2nd year,2,1,3,1,3,5,3,3,1,5,5,1,3,1,3,3,1,1,1,1,5,2.68
585,20,Female,Others,2nd year,1,5,4,2,1,1,3,2,2,3,3,3,1,1,3,3,3,1,4,3,4,2.8
586,18,Male,BTech.,2nd year,4,5,4,3,4,4,3,4,3,4,3,2,3,1,4,2,2,3,3,3,3,3.36
587,24,Male,11th/12th (science),2nd year,3,2,3,3,3,4,3,4,3,3,5,5,3,2,3,2,3,5,2,3,3,3.36
588,20,Female,BCOM,3rd year,3,2,3,4,5,3,3,3,2,1,2,3,3,1,2,1,2,5,2,2,1,2.84
589,19,Female,BBA,2nd year,2,4,3,2,5,3,3,3,3,5,3,5,3,1,3,3,3,3,4,2,4,3.32
590,24,Female,Others,2nd year,2,2,3,2,3,2,2,3,2,3,2,3,2,1,1,3,1,1,2,3,2,2.36
591,18,Female,Others,2nd year,3,3,5,4,3,3,3,3,4,3,2,1,3,1,5,2,3,5,4,3,3,3.24
592,20,Female,BBA,3rd year,3,3,4,3,2,2,2,4,2,3,2,4,2,2,3,1,4,4,2,3,4,3.0
593,21,Female,Others,3rd year,4,3,3,1,3,4,3,2,2,3,4,5,4,2,4,3,3,2,1,3,5,3.12
594,17,Male,11th/12th (commerce),not applicable,2,3,3,2,3,2,1,4,2,3,2,2,1,2,4,5,1,3,2,3,2,2.72
595,17,Male,11th/12th (commerce),not applicable,2,3,3,2,3,2,1,4,2,3,2,2,1,2,4,5,1,3,2,3,2,2.72
596,19,Female,BBA,2nd year,4,5,2,3,5,1,3,2,1,2,3,1,5,5,4,3,3,5,2,3,5,3.44
597,19,Male,BCA,2nd year,4,3,3,4,5,3,4,2,5,5,5,5,2,2,4,2,1,5,3,2,2,3.48
598,21,Male,BTech.,4th year,3,4,4,4,5,5,5,1,3,2,3,3,2,3,5,4,2,5,4,4,5,3.68
599,20,Male,BTech.,3rd year,3,4,3,4,5,5,3,3,3,2,5,5,3,2,5,1,4,5,1,2,3,3.56
600,19,Female,BBA,2nd year,2,4,2,3,2,3,3,3,2,3,3,3,2,2,4,3,3,3,3,3,2,2.96
601,19,Male,11th/12th (science),not applicable,1,3,3,4,4,3,3,1,3,3,3,3,1,2,4,2,3,4,2,2,5,3.0
602,20,Male,BTech.,3rd year,3,5,4,3,3,4,5,2,1,2,4,4,2,1,2,4,2,3,2,1,3,3.12
603,18,Female,BCOM,2nd year,4,1,2,3,3,4,1,2,1,2,5,4,3,1,4,3,3,2,1,3,3,2.88
604,17,Male,11th/12th (commerce),not applicable,4,1,2,5,5,3,3,2,1,3,3,3,3,5,4,2,1,5,3,3,1,3.12
605,19,Female,BBA,2nd year,1,3,3,3,2,4,1,2,1,1,3,1,1,1,1,3,1,3,3,3,1,2.4
606,19,Male,BBA,2nd year,2,4,4,4,3,5,5,3,4,3,2,5,4,1,5,4,3,5,3,3,4,3.72
607,19,Female,Others,2nd year,3,5,3,1,1,3,2,4,2,1,5,4,1,2,3,2,2,4,1,4,3,3.0
608,19,Female,BCA,2nd year,3,1,1,2,3,2,2,3,2,3,1,3,4,2,2,3,4,3,4,2,3,2.56
609,20,Male,Others,3rd year,3,5,2,3,3,1,2,2,2,4,5,3,3,3,3,2,2,3,2,1,3,2.88
610,20,Male,Others,3rd year,4,5,4,4,5,1,5,2,4,1,5,4,3,5,3,3,3,2,3,3,3,3.44
611,19,Female,Others,2nd year,4,4,3,3,5,3,2,3,3,3,4,5,4,2,5,3,3,5,3,2,3,3.6
612,16,Male,11th/12th (commerce),not applicable,4,4,4,5,5,4,2,1,4,4,3,3,2,3,5,2,1,2,2,3,5,3.24
613,21,Female,BTech.,4th year,4,1,3,2,4,4,2,4,4,2,3,3,1,1,3,1,1,5,1,2,3,2.8
614,20,Female,BTech.,4th year,3,5,2,4,5,4,1,4,3,5,1,2,2,2,1,2,3,3,2,3,1,3.04
615,21,Male,BTech.,4th year,3,3,1,3,2,5,2,2,5,1,4,3,5,1,5,1,1,5,5,1,5,3.08
616,21,Male,BTech.,4th year,3,1,5,5,5,1,5,2,2,3,3,1,2,1,3,1,1,3,1,3,1,2.72
617,20,Female,BTech.,4th year,4,1,1,4,1,4,1,4,2,5,3,5,3,2,3,1,1,2,3,3,5,2.72
618,19,Male,BCA,2nd year,3,3,5,2,2,3,3,3,3,3,2,1,3,2,1,1,3,1,1,1,1,2.36
619,18,Female,Others,2nd year,4,4,3,1,3,3,2,2,4,1,3,1,3,1,3,2,2,2,1,1,1,2.6
620,22,Male,BTech.,4th year,4,3,4,3,3,5,3,2,3,5,3,3,3,1,5,3,1,5,3,2,1,3.16
621,18,Male,BCOM,2nd year,2,3,2,2,4,2,2,2,2,5,2,2,2,4,2,5,3,1,2,2,1,2.6
622,19,Male,BCOM,2nd year,4,5,4,5,5,3,3,4,2,3,1,2,2,4,2,2,5,3,3,3,5,3.32
623,18,Male,BCOM,2nd year,4,5,3,1,5,3,3,3,3,2,2,3,3,2,4,4,3,1,2,2,3,3.08
624,20,Female,Others,3rd year,4,3,4,4,3,4,5,2,4,3,5,3,1,3,4,3,3,5,2,1,3,3.52
625,19,Male,11th/12th (commerce),2nd year,3,3,4,3,3,3,3,4,2,2,5,3,3,1,3,3,3,5,3,3,3,3.28
626,20,Female,Others,1st year,3,2,4,2,1,4,1,2,2,2,1,2,1,1,3,4,1,1,2,4,5,2.72
627,20,Female,BCOM,3rd year,1,3,1,3,3,3,1,2,2,1,2,3,1,1,4,3,5,5,2,2,1,2.68
628,19,Female,BCOM,2nd year,3,3,3,2,5,4,3,2,4,3,4,1,1,4,4,2,3,5,1,3,3,3.16
629,16,Female,11th/12th (commerce),not applicable,3,4,4,2,3,3,2,4,3,2,2,3,4,3,4,3,1,2,2,2,2,3.0
630,19,Male,11th/12th (humanities),1st year,4,1,3,4,2,5,1,2,5,5,5,5,2,1,5,4,5,1,4,3,1,3.0
631,18,Male,BCA,1st year,3,4,2,4,5,4,3,3,3,3,4,2,2,2,2,3,4,2,2,2,3,3.2
632,17,Male,11th/12th (science),not applicable,3,4,2,1,1,4,1,1,4,1,1,4,5,5,4,1,5,3,5,5,5,3.4
633,21,Female,Others,1st year,1,3,2,4,3,4,3,3,3,3,3,5,3,3,3,4,1,3,2,3,5,3.12
634,18,Female,Others,not applicable,1,4,3,3,5,5,2,3,4,3,2,4,3,5,4,2,1,4,1,3,3,3.4
635,17,Female,11th/12th (commerce),not applicable,1,2,3,3,3,3,3,1,4,3,2,4,3,2,4,3,1,1,1,3,1,2.8
636,15,Female,11th/12th (commerce),not applicable,4,3,4,3,5,4,3,2,2,3,3,3,2,4,5,3,1,5,2,3,3,3.4
637,17,Female,11th/12th (humanities),not applicable,3,3,3,3,3,2,5,2,3,3,2,3,3,1,3,3,3,3,2,3,1,3.0
638,16,Male,11th/12th (science),not applicable,4,3,3,4,2,4,1,1,2,2,4,3,2,1,4,3,1,1,2,4,2,2.84
639,17,Female,11th/12th (commerce),1st year,3,3,1,2,1,3,5,1,2,5,4,3,2,2,3,2,4,1,2,1,2,2.52
640,18,Male,11th/12th (science),not applicable,5,3,3,2,5,3,3,3,2,3,1,5,3,3,5,2,1,1,2,2,3,3.04
641,18,Female,BBA,2nd year,4,1,3,3,5,3,3,4,2,3,1,2,2,1,3,2,1,1,1,1,2,2.48
642,18,Male,BCA,1st year,4,3,2,3,5,5,3,1,1,2,2,5,1,1,3,2,2,5,1,3,5,3.0
643,19,Female,BCOM,2nd year,4,2,4,4,2,1,4,2,1,5,4,5,3,2,4,3,2,3,5,5,3,3.24
644,20,Male,BCOM,3rd year,4,4,5,2,2,3,5,5,4,5,5,2,2,5,2,5,3,1,5,3,1,3.48
645,19,Female,BCOM,2nd year,4,1,4,5,5,3,2,4,1,5,4,2,2,4,1,3,5,1,2,4,5,3.16
646,19,Female,BCOM,2nd year,3,4,3,3,1,4,1,2,5,1,2,3,5,5,3,2,1,2,3,4,5,3.04
647,20,Male,BCOM,3rd year,1,4,2,4,5,5,4,3,2,1,1,2,4,5,4,4,1,5,4,3,2,3.16
648,18,Male,BCA,1st year,5,5,5,4,4,5,1,5,3,2,5,4,5,1,5,3,2,4,3,2,5,3.8
649,18,Female,Others,2nd year,2,5,3,3,5,5,2,4,4,1,3,1,3,2,2,2,5,3,2,3,3,3.24
650,20,Male,BBA,3rd year,3,2,4,1,5,4,1,2,4,4,3,2,3,1,2,2,1,2,1,2,1,2.68
651,17,Male,BCA,1st year,4,5,2,2,3,4,3,2,4,1,3,4,2,2,4,2,3,5,2,1,5,3.32
